{
  "project_info": {
    "project_number": "584146910704",
    "project_id": "androidapps-89957",
    "storage_bucket": "androidapps-89957.firebasestorage.app"
  },
  "client": [
    {
      "client_info": {
        "mobilesdk_app_id": "1:584146910704:android:e33ad14bc7e60bf6023135",
        "android_client_info": {
          "package_name": "com.example.pushnotification"
        }
      },
      "oauth_client": [],
      "api_key": [
        {
          "current_key": "AIzaSyAwqZlgPT1_JFep1jgpMoxo1WHs91geVWA"
        }
      ],
      "services": {
        "appinvite_service": {
          "other_platform_oauth_client": []
        }
      }
    }
  ],
  "configuration_version": "1"
}